<?xml version="1.0" encoding="UTF-8" standalone="yes"?>
<addon id="repository.serije" name="Serije online" version="0.0.1" provider-name="marko">
	<extension point="xbmc.addon.repository" name="Serije online">
		<dir>
			<info compressed="false">https://raw.githubusercontent.com/totalrevolution/python-koding/master/zips/addons.xml</info>
			<checksum>https://raw.githubusercontent.com/totalrevolution/python-koding/master/zips/addons.xml.md5</checksum>
			<datadir zip="true">https://raw.githubusercontent.com/totalrevolution/python-koding/master/zips/</datadir>
		</dir>
		<info compressed="false">https://raw.githubusercontent.com/marko1404/repository.serije/master/zips/addons.xml</info>
		<checksum>https://raw.githubusercontent.com/marko1404/repository.serije/master/zips/addons.xml.md5</checksum>
		<datadir zip="true">https://raw.githubusercontent.com/marko1404/repository.serije/master/zips/</datadir>
	</extension>
	<extension point="xbmc.addon.metadata">
		<summary lang="en">serije</summary>
		<description lang="en">serije</description>
		<genre>movies</genre>
	</extension>
</addon>